[
  {
    "name": "Boston Bruins",
    "city": "Boston, Massachusetts",
    "conference": "Eastern",
    "division": "Atlantic",
    "founded": 1924,
    "arena": "TD Garden",
    "abbrev": "BOS",
    "logo": "https://assets.nhle.com/logos/nhl/svg/BOS_light.svg"
  },
  {
    "name": "Buffalo Sabres",
    "city": "Buffalo, New York",
    "conference": "Eastern",
    "division": "Atlantic",
    "founded": 1970,
    "arena": "KeyBank Center",
    "abbrev": "BUF",
    "logo": "https://assets.nhle.com/logos/nhl/svg/BUF_light.svg"
  },
  {
    "name": "Detroit Red Wings",
    "city": "Detroit, Michigan",
    "conference": "Eastern",
    "division": "Atlantic",
    "founded": 1926,
    "arena": "Little Caesars Arena",
    "abbrev": "DET",
    "logo": "https://assets.nhle.com/logos/nhl/svg/DET_light.svg"
  },
  {
    "name": "Florida Panthers",
    "city": "Sunrise, Florida",
    "conference": "Eastern",
    "division": "Atlantic",
    "founded": 1993,
    "arena": "Amerant Bank Arena",
    "abbrev": "FLA",
    "logo": "https://assets.nhle.com/logos/nhl/svg/FLA_light.svg"
  },
  {
    "name": "Montreal Canadiens",
    "city": "Montreal, Quebec",
    "conference": "Eastern",
    "division": "Atlantic",
    "founded": 1909,
    "arena": "Bell Centre",
    "abbrev": "MTL",
    "logo": "https://assets.nhle.com/logos/nhl/svg/MTL_light.svg"
  },
  {
    "name": "Ottawa Senators",
    "city": "Ottawa, Ontario",
    "conference": "Eastern",
    "division": "Atlantic",
    "founded": 1992,
    "arena": "Canadian Tire Centre",
    "abbrev": "OTT",
    "logo": "https://assets.nhle.com/logos/nhl/svg/OTT_light.svg"
  },
  {
    "name": "Tampa Bay Lightning",
    "city": "Tampa, Florida",
    "conference": "Eastern",
    "division": "Atlantic",
    "founded": 1992,
    "arena": "Benchmark International Arena",
    "abbrev": "TBL",
    "logo": "https://assets.nhle.com/logos/nhl/svg/TBL_light.svg"
  },
  {
    "name": "Toronto Maple Leafs",
    "city": "Toronto, Ontario",
    "conference": "Eastern",
    "division": "Atlantic",
    "founded": 1917,
    "arena": "Scotiabank Arena",
    "abbrev": "TOR",
    "logo": "https://assets.nhle.com/logos/nhl/svg/TOR_light.svg"
  },
  {
    "name": "Carolina Hurricanes",
    "city": "Raleigh, North Carolina",
    "conference": "Eastern",
    "division": "Metropolitan",
    "founded": 1972,
    "arena": "Lenovo Center",
    "abbrev": "CAR",
    "logo": "https://assets.nhle.com/logos/nhl/svg/CAR_light.svg"
  },
  {
    "name": "Columbus Blue Jackets",
    "city": "Columbus, Ohio",
    "conference": "Eastern",
    "division": "Metropolitan",
    "founded": 2000,
    "arena": "Nationwide Arena",
    "abbrev": "CBJ",
    "logo": "https://assets.nhle.com/logos/nhl/svg/CBJ_light.svg"
  },
  {
    "name": "New Jersey Devils",
    "city": "Newark, New Jersey",
    "conference": "Eastern",
    "division": "Metropolitan",
    "founded": 1974,
    "arena": "Prudential Center",
    "abbrev": "NJD",
    "logo": "https://assets.nhle.com/logos/nhl/svg/NJD_light.svg"
  },
  {
    "name": "New York Islanders",
    "city": "Elmont, New York",
    "conference": "Eastern",
    "division": "Metropolitan",
    "founded": 1972,
    "arena": "UBS Arena",
    "abbrev": "NYI",
    "logo": "https://assets.nhle.com/logos/nhl/svg/NYI_light.svg"
  },
  {
    "name": "New York Rangers",
    "city": "New York, New York",
    "conference": "Eastern",
    "division": "Metropolitan",
    "founded": 1926,
    "arena": "Madison Square Garden",
    "abbrev": "NYR",
    "logo": "https://assets.nhle.com/logos/nhl/svg/NYR_light.svg"
  },
  {
    "name": "Philadelphia Flyers",
    "city": "Philadelphia, Pennsylvania",
    "conference": "Eastern",
    "division": "Metropolitan",
    "founded": 1967,
    "arena": "Xfinity Mobile Arena",
    "abbrev": "PHI",
    "logo": "https://assets.nhle.com/logos/nhl/svg/PHI_light.svg"
  },
  {
    "name": "Pittsburgh Penguins",
    "city": "Pittsburgh, Pennsylvania",
    "conference": "Eastern",
    "division": "Metropolitan",
    "founded": 1967,
    "arena": "PPG Paints Arena",
    "abbrev": "PIT",
    "logo": "https://assets.nhle.com/logos/nhl/svg/PIT_light.svg"
  },
  {
    "name": "Washington Capitals",
    "city": "Washington, D.C.",
    "conference": "Eastern",
    "division": "Metropolitan",
    "founded": 1974,
    "arena": "Capital One Arena",
    "abbrev": "WSH",
    "logo": "https://assets.nhle.com/logos/nhl/svg/WSH_light.svg"
  },
  {
    "name": "Chicago Blackhawks",
    "city": "Chicago, Illinois",
    "conference": "Western",
    "division": "Central",
    "founded": 1926,
    "arena": "United Center",
    "abbrev": "CHI",
    "logo": "https://assets.nhle.com/logos/nhl/svg/CHI_light.svg"
  },
  {
    "name": "Colorado Avalanche",
    "city": "Denver, Colorado",
    "conference": "Western",
    "division": "Central",
    "founded": 1972,
    "arena": "Ball Arena",
    "abbrev": "COL",
    "logo": "https://assets.nhle.com/logos/nhl/svg/COL_light.svg"
  },
  {
    "name": "Dallas Stars",
    "city": "Dallas, Texas",
    "conference": "Western",
    "division": "Central",
    "founded": 1967,
    "arena": "American Airlines Center",
    "abbrev": "DAL",
    "logo": "https://assets.nhle.com/logos/nhl/svg/DAL_light.svg"
  },
  {
    "name": "Minnesota Wild",
    "city": "Saint Paul, Minnesota",
    "conference": "Western",
    "division": "Central",
    "founded": 2000,
    "arena": "Grand Casino Arena",
    "abbrev": "MIN",
    "logo": "https://assets.nhle.com/logos/nhl/svg/MIN_light.svg"
  },
  {
    "name": "Nashville Predators",
    "city": "Nashville, Tennessee",
    "conference": "Western",
    "division": "Central",
    "founded": 1998,
    "arena": "Bridgestone Arena",
    "abbrev": "NSH",
    "logo": "https://assets.nhle.com/logos/nhl/svg/NSH_light.svg"
  },
  {
    "name": "St. Louis Blues",
    "city": "St. Louis, Missouri",
    "conference": "Western",
    "division": "Central",
    "founded": 1967,
    "arena": "Enterprise Center",
    "abbrev": "STL",
    "logo": "https://assets.nhle.com/logos/nhl/svg/STL_light.svg"
  },
  {
    "name": "Utah Mammoth",
    "city": "Salt Lake City, Utah",
    "conference": "Western",
    "division": "Central",
    "founded": 2024,
    "arena": "Delta Center",
    "abbrev": "UTA",
    "logo": "https://assets.nhle.com/logos/nhl/svg/UTA_light.svg"
  },
  {
    "name": "Winnipeg Jets",
    "city": "Winnipeg, Manitoba",
    "conference": "Western",
    "division": "Central",
    "founded": 1999,
    "arena": "Canada Life Centre",
    "abbrev": "WPG",
    "logo": "https://assets.nhle.com/logos/nhl/svg/WPG_light.svg"
  },
  {
    "name": "Anaheim Ducks",
    "city": "Anaheim, California",
    "conference": "Western",
    "division": "Pacific",
    "founded": 1993,
    "arena": "Honda Center",
    "abbrev": "ANA",
    "logo": "https://assets.nhle.com/logos/nhl/svg/ANA_light.svg"
  },
  {
    "name": "Calgary Flames",
    "city": "Calgary, Alberta",
    "conference": "Western",
    "division": "Pacific",
    "founded": 1972,
    "arena": "Scotiabank Saddledome",
    "abbrev": "CGY",
    "logo": "https://assets.nhle.com/logos/nhl/svg/CGY_light.svg"
  },
  {
    "name": "Edmonton Oilers",
    "city": "Edmonton, Alberta",
    "conference": "Western",
    "division": "Pacific",
    "founded": 1972,
    "arena": "Rogers Place",
    "abbrev": "EDM",
    "logo": "https://assets.nhle.com/logos/nhl/svg/EDM_light.svg"
  },
  {
    "name": "Los Angeles Kings",
    "city": "Los Angeles, California",
    "conference": "Western",
    "division": "Pacific",
    "founded": 1967,
    "arena": "Crypto.com Arena",
    "abbrev": "LAK",
    "logo": "https://assets.nhle.com/logos/nhl/svg/LAK_light.svg"
  },
  {
    "name": "San Jose Sharks",
    "city": "San Jose, California",
    "conference": "Western",
    "division": "Pacific",
    "founded": 1991,
    "arena": "SAP Center",
    "abbrev": "SJS",
    "logo": "https://assets.nhle.com/logos/nhl/svg/SJS_light.svg"
  },
  {
    "name": "Seattle Kraken",
    "city": "Seattle, Washington",
    "conference": "Western",
    "division": "Pacific",
    "founded": 2021,
    "arena": "Climate Pledge Arena",
    "abbrev": "SEA",
    "logo": "https://assets.nhle.com/logos/nhl/svg/SEA_light.svg"
  },
  {
    "name": "Vancouver Canucks",
    "city": "Vancouver, British Columbia",
    "conference": "Western",
    "division": "Pacific",
    "founded": 1945,
    "arena": "Rogers Arena",
    "abbrev": "VAN",
    "logo": "https://assets.nhle.com/logos/nhl/svg/VAN_light.svg"
  },
  {
    "name": "Vegas Golden Knights",
    "city": "Paradise, Nevada",
    "conference": "Western",
    "division": "Pacific",
    "founded": 2017,
    "arena": "T-Mobile Arena",
    "abbrev": "VGK",
    "logo": "https://assets.nhle.com/logos/nhl/svg/VGK_light.svg"
  }
]
